id;status;level;trainer;active_from;activeto
1;hence specific;during treasured;through predecessor;2024-01-31T06:24:32;2024-01-31T16:03:43
2;near sedately gently;blah;awkward;2024-01-31T06:46:36;2024-01-31T09:04:21
3;disavow;um bustling;inasmuch while;2024-02-01T00:52:33;2024-02-01T01:46:04
4;fortunately poorly marginalize;since writ;activity;2024-01-31T03:44:20;2024-02-01T02:12:40
5;uh-huh;highly;rightfully;2024-01-31T16:22:57;2024-01-31T23:22:02
6;plus how;pluralise couch when;kosher as meh;2024-01-31T03:07:44;2024-01-31T09:46:34
7;vulture;imaginative;vigilant;2024-01-31T21:34:18;2024-01-31T02:48:12
8;likewise whenever eek;than bah yearly;endeavor dark;2024-01-31T04:24:12;2024-01-31T19:50:37
9;appreciate;preface ha;trivialise bus;2024-01-31T09:56:39;2024-01-31T16:18:34
10;scarily;aw cost gadzooks;even;2024-02-01T02:03:50;2024-01-31T07:17:53
